{
  "metadataVersion": "1.0",
  "id": "com.sap.bi.da.extension.quandlextension",
  "name": "Quandl Connector",
  "description": "Import data from the Quandl data platform",
  "version": "1.30.0.201701091640",
  "vendor" : {
    "name": "SAP",
    "url": "www.sap.com"
  },
  "requires": [
    {
	  "id": "sap.bi.da.extension.sdk",
	  "version": "1.29.0",
	  "match": "greaterOrEqual"
    }
  ],
  "eclipse": {
    "plugins": [
	  {
	    "id": "com.sap.bi.da.extension.quandlextension",
		"version": "1.30.0.201701091640"
	  }
	]
  },
  "bundles": [
    {
      "id": "com.sap.bi.da.extension.quandlextension",
      "version": "1.30.0.201701091640"
    }
  ]
}